title,name,medium,country,accessionyear,link,tag,wikidata
Bamboo-shaped vase,,"Bone carved in shape of tree trunk, with inscibed poem",,2015,https://www.metmuseum.org/art/collection/search/666714,,
Terracotta skyphos (deep drinking cup),,Terracotta,,1941,https://www.metmuseum.org/art/collection/search/254190,"[{'term': 'Dogs', 'AAT_URL': 'http://vocab.getty.edu/page/aat/300265714', 'Wikidata_URL': 'https://www.wikidata.org/wiki/Q144'}, {'term': 'Trees', 'AAT_URL': 'http://vocab.getty.edu/page/aat/300132410', 'Wikidata_URL': 'https://www.wikidata.org/wiki/Q10884'}]",https://www.wikidata.org/wiki/Q116289172
Terracotta Megarian bowl,,Terracotta,,1931,https://www.metmuseum.org/art/collection/search/253341,,https://www.wikidata.org/wiki/Q116241698
Vase with deer and pine tree,,Porcelain painted in underglaze cobalt blue (Jingdezhen ware),,1914,https://www.metmuseum.org/art/collection/search/52041,"[{'term': 'Trees', 'AAT_URL': 'http://vocab.getty.edu/page/aat/300132410', 'Wikidata_URL': 'https://www.wikidata.org/wiki/Q10884'}, {'term': 'Deer', 'AAT_URL': 'http://vocab.getty.edu/page/aat/300250308', 'Wikidata_URL': 'https://www.wikidata.org/wiki/Q685795'}]",
Vase with bamboo and plum tree,,Chalcedony,,1902,https://www.metmuseum.org/art/collection/search/44166,"[{'term': 'Trees', 'AAT_URL': 'http://vocab.getty.edu/page/aat/300132410', 'Wikidata_URL': 'https://www.wikidata.org/wiki/Q10884'}]",https://www.wikidata.org/wiki/Q83562328
Terracotta rim fragment of a kylix (drinking cup),,Terracotta,,2011,https://www.metmuseum.org/art/collection/search/671272,,
Vase with flowers and birds of the four seasons,,Porcelain painted in overglaze polychrome enamels (Jingdezhen famille verte ware),,1914,https://www.metmuseum.org/art/collection/search/42221,"[{'term': 'Birds', 'AAT_URL': 'http://vocab.getty.edu/page/aat/300266506', 'Wikidata_URL': 'https://www.wikidata.org/wiki/Q5113'}, {'term': 'Flowers', 'AAT_URL': 'http://vocab.getty.edu/page/aat/300132399', 'Wikidata_URL': 'https://www.wikidata.org/wiki/Q506'}, {'term': 'Leaves', 'AAT_URL': 'http://vocab.getty.edu/page/aat/300011892', 'Wikidata_URL': 'https://www.wikidata.org/wiki/Q33971'}]",https://www.wikidata.org/wiki/Q116314081
Vase decorated wtih apple tree bough,Thomas Webb & Sons,Glass,,1990,https://www.metmuseum.org/art/collection/search/207885,"[{'term': 'Flowers', 'AAT_URL': 'http://vocab.getty.edu/page/aat/300132399', 'Wikidata_URL': 'https://www.wikidata.org/wiki/Q506'}]",
Vase with gentlemen in a landscape (one of a pair),,Porcelain painted in overglaze black and red enamels (Jingdezhen ware),,1968,https://www.metmuseum.org/art/collection/search/42322,"[{'term': 'Men', 'AAT_URL': 'http://vocab.getty.edu/page/aat/300025928', 'Wikidata_URL': 'https://www.wikidata.org/wiki/Q8441'}, {'term': 'Landscapes', 'AAT_URL': 'http://vocab.getty.edu/page/aat/300132294', 'Wikidata_URL': 'https://www.wikidata.org/wiki/Q191163'}, {'term': 'Trees', 'AAT_URL': 'http://vocab.getty.edu/page/aat/300132410', 'Wikidata_URL': 'https://www.wikidata.org/wiki/Q10884'}]",https://www.wikidata.org/wiki/Q83562283
Vase,"Royal Porcelain Manufactory, Berlin",Hard-paste porcelain,,1993,https://www.metmuseum.org/art/collection/search/208152,"[{'term': 'Men', 'AAT_URL': 'http://vocab.getty.edu/page/aat/300025928', 'Wikidata_URL': 'https://www.wikidata.org/wiki/Q8441'}, {'term': 'Trees', 'AAT_URL': 'http://vocab.getty.edu/page/aat/300132410', 'Wikidata_URL': 'https://www.wikidata.org/wiki/Q10884'}]",https://www.wikidata.org/wiki/Q116307627
Della Robbia vase with trees,Frederick Hurten Rhead,Earthenware,United States,2020,https://www.metmuseum.org/art/collection/search/726728,,https://www.wikidata.org/wiki/Q116444786
Terracotta fragment of a kylix (drinking cup),,Terracotta,,2011,https://www.metmuseum.org/art/collection/search/691870,,
Terracotta jug,,Terracotta,,1874,https://www.metmuseum.org/art/collection/search/240096,"[{'term': 'Birds', 'AAT_URL': 'http://vocab.getty.edu/page/aat/300266506', 'Wikidata_URL': 'https://www.wikidata.org/wiki/Q5113'}, {'term': 'Human Figures', 'AAT_URL': 'http://vocab.getty.edu/page/aat/300404114', 'Wikidata_URL': 'https://www.wikidata.org/wiki/Q5937779'}]",
Vase Fragment,,Terracotta,,1917,https://www.metmuseum.org/art/collection/search/250297,"[{'term': 'Maenads', 'AAT_URL': None, 'Wikidata_URL': 'https://www.wikidata.org/wiki/Q209599'}, {'term': 'Trees', 'AAT_URL': 'http://vocab.getty.edu/page/aat/300132410', 'Wikidata_URL': 'https://www.wikidata.org/wiki/Q10884'}]",
Vase (vase chinois) (one of a pair),Sèvres Manufactory,"Hard-paste porcelain decorated in black enamel, platinum, two tones of gold; gilt metal; interior metal rod",,1971,https://www.metmuseum.org/art/collection/search/205428,"[{'term': 'Chinoiserie', 'AAT_URL': 'http://vocab.getty.edu/page/aat/300021167', 'Wikidata_URL': 'https://www.wikidata.org/wiki/Q863679'}, {'term': 'Human Figures', 'AAT_URL': 'http://vocab.getty.edu/page/aat/300404114', 'Wikidata_URL': 'https://www.wikidata.org/wiki/Q5937779'}]",https://www.wikidata.org/wiki/Q116242507
Terracotta column-krater (bowl for mixing wine and water),Orchard Painter,Terracotta,,1907,https://www.metmuseum.org/art/collection/search/247954,"[{'term': 'Men', 'AAT_URL': 'http://vocab.getty.edu/page/aat/300025928', 'Wikidata_URL': 'https://www.wikidata.org/wiki/Q8441'}, {'term': 'Women', 'AAT_URL': 'http://vocab.getty.edu/page/aat/300025943', 'Wikidata_URL': 'https://www.wikidata.org/wiki/Q467'}, {'term': 'Apples', 'AAT_URL': 'http://vocab.getty.edu/page/aat/300266417', 'Wikidata_URL': 'https://www.wikidata.org/wiki/Q89'}]",https://www.wikidata.org/wiki/Q116296007
Terracotta jug,,Terracotta,,1874,https://www.metmuseum.org/art/collection/search/240032,,
Terracotta fragment of a kylix (drinking cup),,Terracotta,,2011,https://www.metmuseum.org/art/collection/search/686758,,
Terracotta rim fragment of a kylix (drinking cup),,Terracotta,,2011,https://www.metmuseum.org/art/collection/search/669832,,
Terracotta fragment of a kylix (drinking cup),,Terracotta,,2011,https://www.metmuseum.org/art/collection/search/686996,,
Terracotta fragment of a krater (bowl for mixing wine and water)?,,Terracotta,,2011,https://www.metmuseum.org/art/collection/search/740236,,
Terracotta lekythos (oil flask),Nikon Painter,Terracotta,,1953,https://www.metmuseum.org/art/collection/search/254795,"[{'term': 'Palms', 'AAT_URL': None, 'Wikidata_URL': 'https://www.wikidata.org/wiki/Q14080'}, {'term': 'Lyres', 'AAT_URL': 'http://vocab.getty.edu/page/aat/300042114', 'Wikidata_URL': 'https://www.wikidata.org/wiki/Q201129'}, {'term': 'Apollo', 'AAT_URL': 'http://vocab.getty.edu/page/ia/901000109', 'Wikidata_URL': 'https://www.wikidata.org/wiki/Q37340'}, {'term': 'Men', 'AAT_URL': 'http://vocab.getty.edu/page/aat/300025928', 'Wikidata_URL': 'https://www.wikidata.org/wiki/Q8441'}]",https://www.wikidata.org/wiki/Q116290664
Vase (one of a pair),Belvedere Manufactory,Faience (tin-glazed earthenware) with underglaze blue and enamel decoration and gilding,,2019,https://www.metmuseum.org/art/collection/search/834812,,https://www.wikidata.org/wiki/Q116445454
Vase (one of a pair),Belvedere Manufactory,Faience (tin-glazed earthenware) with underglaze blue and enamel decoration and gilding,,2019,https://www.metmuseum.org/art/collection/search/834813,,https://www.wikidata.org/wiki/Q116445455
Terracotta barrel-shaped oinochoe (jug),,Terracotta,,1975,https://www.metmuseum.org/art/collection/search/255548,,https://www.wikidata.org/wiki/Q116286999
Terracotta neck-amphora (jar) with twisted handles,Suessula Painter,Terracotta,,1944,https://www.metmuseum.org/art/collection/search/254518,"[{'term': 'Human Figures', 'AAT_URL': 'http://vocab.getty.edu/page/aat/300404114', 'Wikidata_URL': 'https://www.wikidata.org/wiki/Q5937779'}, {'term': 'Male Nudes', 'AAT_URL': 'http://vocab.getty.edu/page/aat/300189568', 'Wikidata_URL': 'https://www.wikidata.org/wiki/Q40446'}, {'term': 'Shields', 'AAT_URL': 'http://vocab.getty.edu/page/aat/300036869', 'Wikidata_URL': 'https://www.wikidata.org/wiki/Q131559'}, {'term': 'Amazons', 'AAT_URL': 'http://vocab.getty.edu/page/ia/901000212', 'Wikidata_URL': 'https://www.wikidata.org/wiki/Q134154'}]",https://www.wikidata.org/wiki/Q116287313
Juglet,,Terracotta,,1874,https://www.metmuseum.org/art/collection/search/240327,,
Jug,,Terracotta,,1874,https://www.metmuseum.org/art/collection/search/240328,,
"Jug, barrel-shaped",,Terracotta,,1874,https://www.metmuseum.org/art/collection/search/240315,,
Terracotta rim fragment of a kylix (drinking cup),,Terracotta,,2011,https://www.metmuseum.org/art/collection/search/686715,,
Terracotta fragment of a kylix (drinking cup),,Terracotta,,2011,https://www.metmuseum.org/art/collection/search/703971,,
Vase,Frederick Hurten Rhead,Earthenware,United States,1996,https://www.metmuseum.org/art/collection/search/4537,"[{'term': 'Trees', 'AAT_URL': 'http://vocab.getty.edu/page/aat/300132410', 'Wikidata_URL': 'https://www.wikidata.org/wiki/Q10884'}]",https://www.wikidata.org/wiki/Q116392045
Terracotta bell-krater (bowl for mixing wine and water),Nikias Painter,Terracotta,,1941,https://www.metmuseum.org/art/collection/search/254171,"[{'term': 'Altars', 'AAT_URL': 'http://vocab.getty.edu/page/aat/300003725', 'Wikidata_URL': 'https://www.wikidata.org/wiki/Q101687'}, {'term': 'Men', 'AAT_URL': 'http://vocab.getty.edu/page/aat/300025928', 'Wikidata_URL': 'https://www.wikidata.org/wiki/Q8441'}]",https://www.wikidata.org/wiki/Q116288947
Terracotta squat lekythos (oil flask),,Terracotta,,1956,https://www.metmuseum.org/art/collection/search/254917,"[{'term': 'Trojan War', 'AAT_URL': 'http://vocab.getty.edu/page/ia/901000351', 'Wikidata_URL': 'https://www.wikidata.org/wiki/Q42937'}, {'term': 'Men', 'AAT_URL': 'http://vocab.getty.edu/page/aat/300025928', 'Wikidata_URL': 'https://www.wikidata.org/wiki/Q8441'}]",https://www.wikidata.org/wiki/Q116289805
Vase,Newcomb Pottery,Earthenware,United States,2017,https://www.metmuseum.org/art/collection/search/19975,"[{'term': 'Trees', 'AAT_URL': 'http://vocab.getty.edu/page/aat/300132410', 'Wikidata_URL': 'https://www.wikidata.org/wiki/Q10884'}]",https://www.wikidata.org/wiki/Q98225037
Amphora,,Terracotta,,1874,https://www.metmuseum.org/art/collection/search/240108,,
Vase fragment,,Terracotta,,1917,https://www.metmuseum.org/art/collection/search/250364,,
Terracotta rim fragment of a kylix (drinking cup),,Terracotta,,2011,https://www.metmuseum.org/art/collection/search/686759,,
Terracotta rim fragment of a kylix (drinking cup),,Terracotta,,2011,https://www.metmuseum.org/art/collection/search/704011,,
Terracotta fragment of a kylix (drinking cup),,Terracotta,,2011,https://www.metmuseum.org/art/collection/search/669824,,
Terracotta fragment of a kylix (drinking cup),,Terracotta,,2011,https://www.metmuseum.org/art/collection/search/718806,,
Vase with overlapping pattern and three bands of palm trees,,Chlorite,,1917,https://www.metmuseum.org/art/collection/search/322483,"[{'term': 'Palms', 'AAT_URL': None, 'Wikidata_URL': 'https://www.wikidata.org/wiki/Q14080'}]",https://www.wikidata.org/wiki/Q29384405
Vase,Paul Revere Pottery,Earthenware,United States,2017,https://www.metmuseum.org/art/collection/search/19916,"[{'term': 'Trees', 'AAT_URL': 'http://vocab.getty.edu/page/aat/300132410', 'Wikidata_URL': 'https://www.wikidata.org/wiki/Q10884'}]",https://www.wikidata.org/wiki/Q98225015
Small bottle-shaped vase,Chinese,Porcelain painted in underglaze blue.,,1975,https://www.metmuseum.org/art/collection/search/460676,"[{'term': 'Trees', 'AAT_URL': 'http://vocab.getty.edu/page/aat/300132410', 'Wikidata_URL': 'https://www.wikidata.org/wiki/Q10884'}, {'term': 'Human Figures', 'AAT_URL': 'http://vocab.getty.edu/page/aat/300404114', 'Wikidata_URL': 'https://www.wikidata.org/wiki/Q5937779'}]",https://www.wikidata.org/wiki/Q20185698
Winter Grove (Fuyu no kodachi) Flower Container,Okuyama Hōseki 奥山峰石,"Hammered silver with inlaid copper and gold alloy (shakudō), copper and silver alloy (shibuichi)",,2020,https://www.metmuseum.org/art/collection/search/839554,"[{'term': 'Trees', 'AAT_URL': 'http://vocab.getty.edu/page/aat/300132410', 'Wikidata_URL': 'https://www.wikidata.org/wiki/Q10884'}]",
Vase,,Porcelain with polychrome overglaze enamels and overglaze gold (Kyoto ware),,1891,https://www.metmuseum.org/art/collection/search/48575,"[{'term': 'Birds', 'AAT_URL': 'http://vocab.getty.edu/page/aat/300266506', 'Wikidata_URL': 'https://www.wikidata.org/wiki/Q5113'}, {'term': 'Trees', 'AAT_URL': 'http://vocab.getty.edu/page/aat/300132410', 'Wikidata_URL': 'https://www.wikidata.org/wiki/Q10884'}]",
Terracotta krater with lid surmounted by a small hydria,Cesnola Painter,Terracotta,,1874,https://www.metmuseum.org/art/collection/search/240553,"[{'term': 'Birds', 'AAT_URL': 'http://vocab.getty.edu/page/aat/300266506', 'Wikidata_URL': 'https://www.wikidata.org/wiki/Q5113'}, {'term': 'Deer', 'AAT_URL': 'http://vocab.getty.edu/page/aat/300250308', 'Wikidata_URL': 'https://www.wikidata.org/wiki/Q685795'}, {'term': 'Horses', 'AAT_URL': 'http://vocab.getty.edu/page/aat/300250148', 'Wikidata_URL': 'https://www.wikidata.org/wiki/Q726'}, {'term': 'Axes', 'AAT_URL': 'http://vocab.getty.edu/page/aat/300024664', 'Wikidata_URL': 'https://www.wikidata.org/wiki/Q39397'}]",https://www.wikidata.org/wiki/Q18708810
Terracotta mug,Painter of Louvre CA 1694,Terracotta,,1946,https://www.metmuseum.org/art/collection/search/254543,,https://www.wikidata.org/wiki/Q116404945
"Pair of ""triple-gourd"" vases",,Tin-glazed earthenware,,1923,https://www.metmuseum.org/art/collection/search/194986,"[{'term': 'Flowers', 'AAT_URL': 'http://vocab.getty.edu/page/aat/300132399', 'Wikidata_URL': 'https://www.wikidata.org/wiki/Q506'}, {'term': 'Trees', 'AAT_URL': 'http://vocab.getty.edu/page/aat/300132410', 'Wikidata_URL': 'https://www.wikidata.org/wiki/Q10884'}]",
Vase,,Hard-paste porcelain,,1995,https://www.metmuseum.org/art/collection/search/208398,"[{'term': 'Flowers', 'AAT_URL': 'http://vocab.getty.edu/page/aat/300132399', 'Wikidata_URL': 'https://www.wikidata.org/wiki/Q506'}, {'term': 'Trees', 'AAT_URL': 'http://vocab.getty.edu/page/aat/300132410', 'Wikidata_URL': 'https://www.wikidata.org/wiki/Q10884'}]",
Tall vase with four roundels,R. W. Martin and Brothers,Stoneware,,2013,https://www.metmuseum.org/art/collection/search/239483,"[{'term': 'Birds', 'AAT_URL': 'http://vocab.getty.edu/page/aat/300266506', 'Wikidata_URL': 'https://www.wikidata.org/wiki/Q5113'}, {'term': 'Flowers', 'AAT_URL': 'http://vocab.getty.edu/page/aat/300132399', 'Wikidata_URL': 'https://www.wikidata.org/wiki/Q506'}, {'term': 'Trees', 'AAT_URL': 'http://vocab.getty.edu/page/aat/300132410', 'Wikidata_URL': 'https://www.wikidata.org/wiki/Q10884'}]",
Vase (part of a garniture),De Witte Starre Manufactory,Tin-glazed earthenware,,1894,https://www.metmuseum.org/art/collection/search/187845,"[{'term': 'Women', 'AAT_URL': 'http://vocab.getty.edu/page/aat/300025943', 'Wikidata_URL': 'https://www.wikidata.org/wiki/Q467'}, {'term': 'Flowers', 'AAT_URL': 'http://vocab.getty.edu/page/aat/300132399', 'Wikidata_URL': 'https://www.wikidata.org/wiki/Q506'}, {'term': 'Trees', 'AAT_URL': 'http://vocab.getty.edu/page/aat/300132410', 'Wikidata_URL': 'https://www.wikidata.org/wiki/Q10884'}]",
Vase (part of a garniture),De Witte Starre Manufactory,Tin-glazed earthenware,,1894,https://www.metmuseum.org/art/collection/search/187846,"[{'term': 'Human Figures', 'AAT_URL': 'http://vocab.getty.edu/page/aat/300404114', 'Wikidata_URL': 'https://www.wikidata.org/wiki/Q5937779'}, {'term': 'Flowers', 'AAT_URL': 'http://vocab.getty.edu/page/aat/300132399', 'Wikidata_URL': 'https://www.wikidata.org/wiki/Q506'}, {'term': 'Trees', 'AAT_URL': 'http://vocab.getty.edu/page/aat/300132410', 'Wikidata_URL': 'https://www.wikidata.org/wiki/Q10884'}]",
Vase with poetric scenes,,"Porcelain painted in underglaze cobalt blue and copper red, and low-relief decoration under celadon glaze (Jingdezhen ware)",,1879,https://www.metmuseum.org/art/collection/search/48562,"[{'term': 'Trees', 'AAT_URL': 'http://vocab.getty.edu/page/aat/300132410', 'Wikidata_URL': 'https://www.wikidata.org/wiki/Q10884'}]",
Vase with birds and flowers,,"Porcelain painted in polychrome enamels over black ground (Jingdezhen ware, famille noire)",,1914,https://www.metmuseum.org/art/collection/search/46084,"[{'term': 'Flowers', 'AAT_URL': 'http://vocab.getty.edu/page/aat/300132399', 'Wikidata_URL': 'https://www.wikidata.org/wiki/Q506'}, {'term': 'Trees', 'AAT_URL': 'http://vocab.getty.edu/page/aat/300132410', 'Wikidata_URL': 'https://www.wikidata.org/wiki/Q10884'}]",
Vase (one of a pair),Vienna,Hard-paste porcelain,,1995,https://www.metmuseum.org/art/collection/search/236745,"[{'term': 'Dragons', 'AAT_URL': 'http://vocab.getty.edu/page/aat/300375726', 'Wikidata_URL': 'https://www.wikidata.org/wiki/Q7559'}, {'term': 'Trees', 'AAT_URL': 'http://vocab.getty.edu/page/aat/300132410', 'Wikidata_URL': 'https://www.wikidata.org/wiki/Q10884'}]",
Vase with birds and flowers,,Porcelain painted in overglaze polychrome enamels (Jingdezhen ware),,1914,https://www.metmuseum.org/art/collection/search/46082,"[{'term': 'Birds', 'AAT_URL': 'http://vocab.getty.edu/page/aat/300266506', 'Wikidata_URL': 'https://www.wikidata.org/wiki/Q5113'}, {'term': 'Flowers', 'AAT_URL': 'http://vocab.getty.edu/page/aat/300132399', 'Wikidata_URL': 'https://www.wikidata.org/wiki/Q506'}, {'term': 'Leaves', 'AAT_URL': 'http://vocab.getty.edu/page/aat/300011892', 'Wikidata_URL': 'https://www.wikidata.org/wiki/Q33971'}, {'term': 'Trees', 'AAT_URL': 'http://vocab.getty.edu/page/aat/300132410', 'Wikidata_URL': 'https://www.wikidata.org/wiki/Q10884'}]",
Vase,,Porcelain painted in underglaze blue,,1879,https://www.metmuseum.org/art/collection/search/47656,"[{'term': 'Women', 'AAT_URL': 'http://vocab.getty.edu/page/aat/300025943', 'Wikidata_URL': 'https://www.wikidata.org/wiki/Q467'}, {'term': 'Trees', 'AAT_URL': 'http://vocab.getty.edu/page/aat/300132410', 'Wikidata_URL': 'https://www.wikidata.org/wiki/Q10884'}]",
Vase,,Porcelain,,1914,https://www.metmuseum.org/art/collection/search/48690,"[{'term': 'Animals', 'AAT_URL': 'http://vocab.getty.edu/page/aat/300249525', 'Wikidata_URL': 'https://www.wikidata.org/wiki/Q729'}, {'term': 'Fruit', 'AAT_URL': 'http://vocab.getty.edu/page/aat/300011868', 'Wikidata_URL': 'https://www.wikidata.org/wiki/Q1364'}, {'term': 'Trees', 'AAT_URL': 'http://vocab.getty.edu/page/aat/300132410', 'Wikidata_URL': 'https://www.wikidata.org/wiki/Q10884'}]",
Vase,,"Porcelain (Guyue, Xuan style)",,1950,https://www.metmuseum.org/art/collection/search/52972,"[{'term': 'Houses', 'AAT_URL': 'http://vocab.getty.edu/page/aat/300005433', 'Wikidata_URL': 'https://www.wikidata.org/wiki/Q3947'}, {'term': 'Trees', 'AAT_URL': 'http://vocab.getty.edu/page/aat/300132410', 'Wikidata_URL': 'https://www.wikidata.org/wiki/Q10884'}]",
Vase,,"Porcelain painted in overglaze polychrome enamels, and yellow glaze, with incised decoration",,1879,https://www.metmuseum.org/art/collection/search/51210,"[{'term': 'Flowers', 'AAT_URL': 'http://vocab.getty.edu/page/aat/300132399', 'Wikidata_URL': 'https://www.wikidata.org/wiki/Q506'}, {'term': 'Trees', 'AAT_URL': 'http://vocab.getty.edu/page/aat/300132410', 'Wikidata_URL': 'https://www.wikidata.org/wiki/Q10884'}]",
Vase,,Underglaze blue (Arita ware),,2002,https://www.metmuseum.org/art/collection/search/49305,"[{'term': 'Butterflies', 'AAT_URL': 'http://vocab.getty.edu/page/aat/300417320', 'Wikidata_URL': 'https://www.wikidata.org/wiki/Q11946202'}, {'term': 'Flowers', 'AAT_URL': 'http://vocab.getty.edu/page/aat/300132399', 'Wikidata_URL': 'https://www.wikidata.org/wiki/Q506'}, {'term': 'Trees', 'AAT_URL': 'http://vocab.getty.edu/page/aat/300132410', 'Wikidata_URL': 'https://www.wikidata.org/wiki/Q10884'}]",
Vase,,Porcelain painted in underglaze blue,,1879,https://www.metmuseum.org/art/collection/search/50950,"[{'term': 'Trees', 'AAT_URL': 'http://vocab.getty.edu/page/aat/300132410', 'Wikidata_URL': 'https://www.wikidata.org/wiki/Q10884'}, {'term': 'Human Figures', 'AAT_URL': 'http://vocab.getty.edu/page/aat/300404114', 'Wikidata_URL': 'https://www.wikidata.org/wiki/Q5937779'}]",
Vase,,Pottery (Cizhou ware),,1926,https://www.metmuseum.org/art/collection/search/52720,"[{'term': 'Men', 'AAT_URL': 'http://vocab.getty.edu/page/aat/300025928', 'Wikidata_URL': 'https://www.wikidata.org/wiki/Q8441'}, {'term': 'Trees', 'AAT_URL': 'http://vocab.getty.edu/page/aat/300132410', 'Wikidata_URL': 'https://www.wikidata.org/wiki/Q10884'}]",
Vase,,Porcelain,,1918,https://www.metmuseum.org/art/collection/search/52794,"[{'term': 'Men', 'AAT_URL': 'http://vocab.getty.edu/page/aat/300025928', 'Wikidata_URL': 'https://www.wikidata.org/wiki/Q8441'}, {'term': 'Trees', 'AAT_URL': 'http://vocab.getty.edu/page/aat/300132410', 'Wikidata_URL': 'https://www.wikidata.org/wiki/Q10884'}]",
Vase (one of a pair),,Porcelain painted in enamels on the biscuit (famille jaune),,1964,https://www.metmuseum.org/art/collection/search/42283,"[{'term': 'Flowers', 'AAT_URL': 'http://vocab.getty.edu/page/aat/300132399', 'Wikidata_URL': 'https://www.wikidata.org/wiki/Q506'}, {'term': 'Trees', 'AAT_URL': 'http://vocab.getty.edu/page/aat/300132410', 'Wikidata_URL': 'https://www.wikidata.org/wiki/Q10884'}]",
Vase with cover,Cozzi Manufactory,Hard-paste porcelain,,1950,https://www.metmuseum.org/art/collection/search/200962,"[{'term': 'Birds', 'AAT_URL': 'http://vocab.getty.edu/page/aat/300266506', 'Wikidata_URL': 'https://www.wikidata.org/wiki/Q5113'}, {'term': 'Buildings', 'AAT_URL': 'http://vocab.getty.edu/page/aat/300004789', 'Wikidata_URL': 'https://www.wikidata.org/wiki/Q41176'}, {'term': 'Trees', 'AAT_URL': 'http://vocab.getty.edu/page/aat/300132410', 'Wikidata_URL': 'https://www.wikidata.org/wiki/Q10884'}, {'term': 'Chinoiserie', 'AAT_URL': 'http://vocab.getty.edu/page/aat/300021167', 'Wikidata_URL': 'https://www.wikidata.org/wiki/Q863679'}]",
Flower vase with stand (vase hollandais nouveau) (one of a pair),Sèvres Manufactory,Soft-paste porcelain,,1958,https://www.metmuseum.org/art/collection/search/202189,"[{'term': 'Houses', 'AAT_URL': 'http://vocab.getty.edu/page/aat/300005433', 'Wikidata_URL': 'https://www.wikidata.org/wiki/Q3947'}, {'term': 'Men', 'AAT_URL': 'http://vocab.getty.edu/page/aat/300025928', 'Wikidata_URL': 'https://www.wikidata.org/wiki/Q8441'}, {'term': 'Women', 'AAT_URL': 'http://vocab.getty.edu/page/aat/300025943', 'Wikidata_URL': 'https://www.wikidata.org/wiki/Q467'}, {'term': 'Trees', 'AAT_URL': 'http://vocab.getty.edu/page/aat/300132410', 'Wikidata_URL': 'https://www.wikidata.org/wiki/Q10884'}]",
Vase with landscape,,Soft-paste porcelain painted in underglaze cobalt blue (Jingdezhen ware),,1914,https://www.metmuseum.org/art/collection/search/47620,"[{'term': 'Landscapes', 'AAT_URL': 'http://vocab.getty.edu/page/aat/300132294', 'Wikidata_URL': 'https://www.wikidata.org/wiki/Q191163'}, {'term': 'Trees', 'AAT_URL': 'http://vocab.getty.edu/page/aat/300132410', 'Wikidata_URL': 'https://www.wikidata.org/wiki/Q10884'}]",
Vase with birds and flowers,,"Porcelain painted inpolychrome enamels over black ground (Jingdezhen ware, famille noire)",,1917,https://www.metmuseum.org/art/collection/search/45830,"[{'term': 'Flowers', 'AAT_URL': 'http://vocab.getty.edu/page/aat/300132399', 'Wikidata_URL': 'https://www.wikidata.org/wiki/Q506'}, {'term': 'Trees', 'AAT_URL': 'http://vocab.getty.edu/page/aat/300132410', 'Wikidata_URL': 'https://www.wikidata.org/wiki/Q10884'}]",
Vase with birds and flowers,,"Porcelain painted inpolychrome enamels over black ground (Jingdezhen ware, famille noire)",,1917,https://www.metmuseum.org/art/collection/search/45889,"[{'term': 'Flowers', 'AAT_URL': 'http://vocab.getty.edu/page/aat/300132399', 'Wikidata_URL': 'https://www.wikidata.org/wiki/Q506'}, {'term': 'Leaves', 'AAT_URL': 'http://vocab.getty.edu/page/aat/300011892', 'Wikidata_URL': 'https://www.wikidata.org/wiki/Q33971'}, {'term': 'Trees', 'AAT_URL': 'http://vocab.getty.edu/page/aat/300132410', 'Wikidata_URL': 'https://www.wikidata.org/wiki/Q10884'}]",
Vase with landscape,,Porcelain painted in overglaze polychrome enamels (Jingdezhen ware),,1879,https://www.metmuseum.org/art/collection/search/46869,"[{'term': 'Houses', 'AAT_URL': 'http://vocab.getty.edu/page/aat/300005433', 'Wikidata_URL': 'https://www.wikidata.org/wiki/Q3947'}, {'term': 'Landscapes', 'AAT_URL': 'http://vocab.getty.edu/page/aat/300132294', 'Wikidata_URL': 'https://www.wikidata.org/wiki/Q191163'}, {'term': 'Trees', 'AAT_URL': 'http://vocab.getty.edu/page/aat/300132410', 'Wikidata_URL': 'https://www.wikidata.org/wiki/Q10884'}]",
Vase with figures,,Soft paste porcelain with low relief decoration and painted in underglaze cobalt blue (Jingdezhen ware),,1914,https://www.metmuseum.org/art/collection/search/46589,"[{'term': 'Men', 'AAT_URL': 'http://vocab.getty.edu/page/aat/300025928', 'Wikidata_URL': 'https://www.wikidata.org/wiki/Q8441'}, {'term': 'Trees', 'AAT_URL': 'http://vocab.getty.edu/page/aat/300132410', 'Wikidata_URL': 'https://www.wikidata.org/wiki/Q10884'}]",
Vase with Women Enjoying Scholarly Pursuits,,Porcelain painted with colored enamels over transparent glaze (Jingdezhen ware),,1914,https://www.metmuseum.org/art/collection/search/46922,"[{'term': 'Women', 'AAT_URL': 'http://vocab.getty.edu/page/aat/300025943', 'Wikidata_URL': 'https://www.wikidata.org/wiki/Q467'}, {'term': 'Trees', 'AAT_URL': 'http://vocab.getty.edu/page/aat/300132410', 'Wikidata_URL': 'https://www.wikidata.org/wiki/Q10884'}]",
Vase,,"White porcelain with decoration in colors (Arita ware, Kakiemon type)",,1923,https://www.metmuseum.org/art/collection/search/47973,"[{'term': 'Trees', 'AAT_URL': 'http://vocab.getty.edu/page/aat/300132410', 'Wikidata_URL': 'https://www.wikidata.org/wiki/Q10884'}]",
Vase,,"White porcelain with decoration in colors (Arita ware, Kakiemon type)",,1923,https://www.metmuseum.org/art/collection/search/46103,"[{'term': 'Trees', 'AAT_URL': 'http://vocab.getty.edu/page/aat/300132410', 'Wikidata_URL': 'https://www.wikidata.org/wiki/Q10884'}]",
Vase,,"Porcelain decorated with enamels (Arita ware, Imari type)",,1923,https://www.metmuseum.org/art/collection/search/47327,"[{'term': 'Houses', 'AAT_URL': 'http://vocab.getty.edu/page/aat/300005433', 'Wikidata_URL': 'https://www.wikidata.org/wiki/Q3947'}, {'term': 'Flowers', 'AAT_URL': 'http://vocab.getty.edu/page/aat/300132399', 'Wikidata_URL': 'https://www.wikidata.org/wiki/Q506'}, {'term': 'Leaves', 'AAT_URL': 'http://vocab.getty.edu/page/aat/300011892', 'Wikidata_URL': 'https://www.wikidata.org/wiki/Q33971'}, {'term': 'Trees', 'AAT_URL': 'http://vocab.getty.edu/page/aat/300132410', 'Wikidata_URL': 'https://www.wikidata.org/wiki/Q10884'}]",
Vase,,Pottery with design in red and gold (Satsuma ware),,1923,https://www.metmuseum.org/art/collection/search/63057,"[{'term': 'Houses', 'AAT_URL': 'http://vocab.getty.edu/page/aat/300005433', 'Wikidata_URL': 'https://www.wikidata.org/wiki/Q3947'}, {'term': 'Trees', 'AAT_URL': 'http://vocab.getty.edu/page/aat/300132410', 'Wikidata_URL': 'https://www.wikidata.org/wiki/Q10884'}]",
Lekythos,Painter of Athens 9690,Terracotta,,1922,https://www.metmuseum.org/art/collection/search/251245,"[{'term': 'Serpents', 'AAT_URL': 'http://vocab.getty.edu/page/aat/300417734', 'Wikidata_URL': 'https://www.wikidata.org/wiki/Q2102'}, {'term': 'Trees', 'AAT_URL': 'http://vocab.getty.edu/page/aat/300132410', 'Wikidata_URL': 'https://www.wikidata.org/wiki/Q10884'}]",
Vase with Floral and Landscape Decor,,Porcelain painted in overglaze famille verte enamels,,1968,https://www.metmuseum.org/art/collection/search/50473,"[{'term': 'Birds', 'AAT_URL': 'http://vocab.getty.edu/page/aat/300266506', 'Wikidata_URL': 'https://www.wikidata.org/wiki/Q5113'}, {'term': 'Flowers', 'AAT_URL': 'http://vocab.getty.edu/page/aat/300132399', 'Wikidata_URL': 'https://www.wikidata.org/wiki/Q506'}, {'term': 'Trees', 'AAT_URL': 'http://vocab.getty.edu/page/aat/300132410', 'Wikidata_URL': 'https://www.wikidata.org/wiki/Q10884'}]",
One of a Pair of Fan-Shaped Hanging Wall Vases,,"Porcelain with overglaze enamels and gold (Hizen ware, Ko Imari type)",,2002,https://www.metmuseum.org/art/collection/search/49340,"[{'term': 'Flowers', 'AAT_URL': 'http://vocab.getty.edu/page/aat/300132399', 'Wikidata_URL': 'https://www.wikidata.org/wiki/Q506'}, {'term': 'Trees', 'AAT_URL': 'http://vocab.getty.edu/page/aat/300132410', 'Wikidata_URL': 'https://www.wikidata.org/wiki/Q10884'}]",
Vase,Doccia Porcelain Manufactory,Hard-paste porcelain,,1991,https://www.metmuseum.org/art/collection/search/208040,"[{'term': 'Houses', 'AAT_URL': 'http://vocab.getty.edu/page/aat/300005433', 'Wikidata_URL': 'https://www.wikidata.org/wiki/Q3947'}, {'term': 'Faces', 'AAT_URL': 'http://vocab.getty.edu/page/aat/300251798', 'Wikidata_URL': 'https://www.wikidata.org/wiki/Q37017'}, {'term': 'Trees', 'AAT_URL': 'http://vocab.getty.edu/page/aat/300132410', 'Wikidata_URL': 'https://www.wikidata.org/wiki/Q10884'}]",
Vase with reaper,Haviland & Co.,Stoneware,,2013,https://www.metmuseum.org/art/collection/search/239359,"[{'term': 'Houses', 'AAT_URL': 'http://vocab.getty.edu/page/aat/300005433', 'Wikidata_URL': 'https://www.wikidata.org/wiki/Q3947'}, {'term': 'Trees', 'AAT_URL': 'http://vocab.getty.edu/page/aat/300132410', 'Wikidata_URL': 'https://www.wikidata.org/wiki/Q10884'}]",
Vase,,"Porcelain, teak",China,1955,https://www.metmuseum.org/art/collection/search/9306,"[{'term': 'Animals', 'AAT_URL': 'http://vocab.getty.edu/page/aat/300249525', 'Wikidata_URL': 'https://www.wikidata.org/wiki/Q729'}, {'term': 'Trees', 'AAT_URL': 'http://vocab.getty.edu/page/aat/300132410', 'Wikidata_URL': 'https://www.wikidata.org/wiki/Q10884'}]",https://www.wikidata.org/wiki/Q116345799
Vase,Dard Hunter,Porcelain,United States,1982,https://www.metmuseum.org/art/collection/search/9342,"[{'term': 'Trees', 'AAT_URL': 'http://vocab.getty.edu/page/aat/300132410', 'Wikidata_URL': 'https://www.wikidata.org/wiki/Q10884'}]",https://www.wikidata.org/wiki/Q116393177
Vase,Dard Hunter,Porcelain,United States,1982,https://www.metmuseum.org/art/collection/search/9343,"[{'term': 'Trees', 'AAT_URL': 'http://vocab.getty.edu/page/aat/300132410', 'Wikidata_URL': 'https://www.wikidata.org/wiki/Q10884'}]",https://www.wikidata.org/wiki/Q116393178
Vase,,Porcelain painted in famille verte enamels,,1914,https://www.metmuseum.org/art/collection/search/52035,"[{'term': 'Men', 'AAT_URL': 'http://vocab.getty.edu/page/aat/300025928', 'Wikidata_URL': 'https://www.wikidata.org/wiki/Q8441'}, {'term': 'Women', 'AAT_URL': 'http://vocab.getty.edu/page/aat/300025943', 'Wikidata_URL': 'https://www.wikidata.org/wiki/Q467'}, {'term': 'Flowers', 'AAT_URL': 'http://vocab.getty.edu/page/aat/300132399', 'Wikidata_URL': 'https://www.wikidata.org/wiki/Q506'}, {'term': 'Trees', 'AAT_URL': 'http://vocab.getty.edu/page/aat/300132410', 'Wikidata_URL': 'https://www.wikidata.org/wiki/Q10884'}]",https://www.wikidata.org/wiki/Q116396513
Vase (vase hollandais),Sèvres Manufactory,Soft-paste porcelain,,1958,https://www.metmuseum.org/art/collection/search/202191,"[{'term': 'Houses', 'AAT_URL': 'http://vocab.getty.edu/page/aat/300005433', 'Wikidata_URL': 'https://www.wikidata.org/wiki/Q3947'}, {'term': 'Women', 'AAT_URL': 'http://vocab.getty.edu/page/aat/300025943', 'Wikidata_URL': 'https://www.wikidata.org/wiki/Q467'}, {'term': 'Trees', 'AAT_URL': 'http://vocab.getty.edu/page/aat/300132410', 'Wikidata_URL': 'https://www.wikidata.org/wiki/Q10884'}]",https://www.wikidata.org/wiki/Q116310112
Vase (vase cannelés à bandeau) (one of a pair),Sèvres Manufactory,Soft-paste porcelain,,1958,https://www.metmuseum.org/art/collection/search/202220,"[{'term': 'Women', 'AAT_URL': 'http://vocab.getty.edu/page/aat/300025943', 'Wikidata_URL': 'https://www.wikidata.org/wiki/Q467'}, {'term': 'Sheep', 'AAT_URL': 'http://vocab.getty.edu/page/aat/300250284', 'Wikidata_URL': 'https://www.wikidata.org/wiki/Q7368'}, {'term': 'Flowers', 'AAT_URL': 'http://vocab.getty.edu/page/aat/300132399', 'Wikidata_URL': 'https://www.wikidata.org/wiki/Q506'}, {'term': 'Trees', 'AAT_URL': 'http://vocab.getty.edu/page/aat/300132410', 'Wikidata_URL': 'https://www.wikidata.org/wiki/Q10884'}]",https://www.wikidata.org/wiki/Q116309894
Vase with cover (one of a pair),Meissen Manufactory,"Hard-paste porcelain, gilt-bronze mounts",,1974,https://www.metmuseum.org/art/collection/search/205723,"[{'term': 'Couples', 'AAT_URL': 'http://vocab.getty.edu/page/aat/300379217', 'Wikidata_URL': 'https://www.wikidata.org/wiki/Q219160'}, {'term': 'Men', 'AAT_URL': 'http://vocab.getty.edu/page/aat/300025928', 'Wikidata_URL': 'https://www.wikidata.org/wiki/Q8441'}, {'term': 'Women', 'AAT_URL': 'http://vocab.getty.edu/page/aat/300025943', 'Wikidata_URL': 'https://www.wikidata.org/wiki/Q467'}, {'term': 'Trees', 'AAT_URL': 'http://vocab.getty.edu/page/aat/300132410', 'Wikidata_URL': 'https://www.wikidata.org/wiki/Q10884'}]",https://www.wikidata.org/wiki/Q116242575
Vase with cover (one of a pair),Meissen Manufactory,"Hard-paste porcelain, gilt-bronze mounts",,1974,https://www.metmuseum.org/art/collection/search/205724,"[{'term': 'Men', 'AAT_URL': 'http://vocab.getty.edu/page/aat/300025928', 'Wikidata_URL': 'https://www.wikidata.org/wiki/Q8441'}, {'term': 'Women', 'AAT_URL': 'http://vocab.getty.edu/page/aat/300025943', 'Wikidata_URL': 'https://www.wikidata.org/wiki/Q467'}, {'term': 'Trees', 'AAT_URL': 'http://vocab.getty.edu/page/aat/300132410', 'Wikidata_URL': 'https://www.wikidata.org/wiki/Q10884'}, {'term': 'Musicians', 'AAT_URL': 'http://vocab.getty.edu/page/aat/300025666', 'Wikidata_URL': 'https://www.wikidata.org/wiki/Q639669'}]",https://www.wikidata.org/wiki/Q116242574
"Vase decorated with magnolia, hollyhocks, and pheasants",,Porcelain painted in overglaze polychrome enamels (Jingdezhen ware),,1914,https://www.metmuseum.org/art/collection/search/46075,"[{'term': 'Birds', 'AAT_URL': 'http://vocab.getty.edu/page/aat/300266506', 'Wikidata_URL': 'https://www.wikidata.org/wiki/Q5113'}, {'term': 'Flowers', 'AAT_URL': 'http://vocab.getty.edu/page/aat/300132399', 'Wikidata_URL': 'https://www.wikidata.org/wiki/Q506'}, {'term': 'Trees', 'AAT_URL': 'http://vocab.getty.edu/page/aat/300132410', 'Wikidata_URL': 'https://www.wikidata.org/wiki/Q10884'}]",https://www.wikidata.org/wiki/Q116241543
Wall Vase,,Cloisonné enamel,,1879,https://www.metmuseum.org/art/collection/search/40960,"[{'term': 'Houses', 'AAT_URL': 'http://vocab.getty.edu/page/aat/300005433', 'Wikidata_URL': 'https://www.wikidata.org/wiki/Q3947'}, {'term': 'Landscapes', 'AAT_URL': 'http://vocab.getty.edu/page/aat/300132294', 'Wikidata_URL': 'https://www.wikidata.org/wiki/Q191163'}, {'term': 'Trees', 'AAT_URL': 'http://vocab.getty.edu/page/aat/300132410', 'Wikidata_URL': 'https://www.wikidata.org/wiki/Q10884'}]",
Vase with performance of dragon boat,,Porcelain painted with overglaze polychrome enamels (Jingdezhen ware),,1914,https://www.metmuseum.org/art/collection/search/52023,"[{'term': 'Human Figures', 'AAT_URL': 'http://vocab.getty.edu/page/aat/300404114', 'Wikidata_URL': 'https://www.wikidata.org/wiki/Q5937779'}, {'term': 'Dragons', 'AAT_URL': 'http://vocab.getty.edu/page/aat/300375726', 'Wikidata_URL': 'https://www.wikidata.org/wiki/Q7559'}, {'term': 'Flowers', 'AAT_URL': 'http://vocab.getty.edu/page/aat/300132399', 'Wikidata_URL': 'https://www.wikidata.org/wiki/Q506'}, {'term': 'Trees', 'AAT_URL': 'http://vocab.getty.edu/page/aat/300132410', 'Wikidata_URL': 'https://www.wikidata.org/wiki/Q10884'}]",
Vase with figures in a landscape,,Porcelain painted in underglaze cobalt blue (Jingdezhen ware),,1929,https://www.metmuseum.org/art/collection/search/47589,"[{'term': 'Men', 'AAT_URL': 'http://vocab.getty.edu/page/aat/300025928', 'Wikidata_URL': 'https://www.wikidata.org/wiki/Q8441'}, {'term': 'Trees', 'AAT_URL': 'http://vocab.getty.edu/page/aat/300132410', 'Wikidata_URL': 'https://www.wikidata.org/wiki/Q10884'}]",
Vase with peony and magnolia,,Porcelain painted in overglaze polychrome enamels (Jingdezhen ware),,1914,https://www.metmuseum.org/art/collection/search/52024,"[{'term': 'Peonies', 'AAT_URL': 'http://vocab.getty.edu/page/aat/300380052', 'Wikidata_URL': 'https://www.wikidata.org/wiki/Q147105'}, {'term': 'Trees', 'AAT_URL': 'http://vocab.getty.edu/page/aat/300132410', 'Wikidata_URL': 'https://www.wikidata.org/wiki/Q10884'}]",https://www.wikidata.org/wiki/Q116396502
Vase,,Porcelain decorated in famille verte enamels,,1961,https://www.metmuseum.org/art/collection/search/50834,"[{'term': 'Flowers', 'AAT_URL': 'http://vocab.getty.edu/page/aat/300132399', 'Wikidata_URL': 'https://www.wikidata.org/wiki/Q506'}, {'term': 'Trees', 'AAT_URL': 'http://vocab.getty.edu/page/aat/300132410', 'Wikidata_URL': 'https://www.wikidata.org/wiki/Q10884'}]",
Vase (one of a pair),,Porcelain painted in overglaze famille verte enamels,,1961,https://www.metmuseum.org/art/collection/search/42287,"[{'term': 'Birds', 'AAT_URL': 'http://vocab.getty.edu/page/aat/300266506', 'Wikidata_URL': 'https://www.wikidata.org/wiki/Q5113'}, {'term': 'Flowers', 'AAT_URL': 'http://vocab.getty.edu/page/aat/300132399', 'Wikidata_URL': 'https://www.wikidata.org/wiki/Q506'}, {'term': 'Trees', 'AAT_URL': 'http://vocab.getty.edu/page/aat/300132410', 'Wikidata_URL': 'https://www.wikidata.org/wiki/Q10884'}]",
Vase with cover (vase à flacon) (one of a pair),Sèvres Manufactory,Soft-paste porcelain,,1958,https://www.metmuseum.org/art/collection/search/202176,"[{'term': 'Women', 'AAT_URL': 'http://vocab.getty.edu/page/aat/300025943', 'Wikidata_URL': 'https://www.wikidata.org/wiki/Q467'}, {'term': 'Trees', 'AAT_URL': 'http://vocab.getty.edu/page/aat/300132410', 'Wikidata_URL': 'https://www.wikidata.org/wiki/Q10884'}]",
Vase with cover (vase à flacon) (one of a pair),Sèvres Manufactory,Soft-paste porcelain,,1958,https://www.metmuseum.org/art/collection/search/202177,"[{'term': 'Women', 'AAT_URL': 'http://vocab.getty.edu/page/aat/300025943', 'Wikidata_URL': 'https://www.wikidata.org/wiki/Q467'}, {'term': 'Trees', 'AAT_URL': 'http://vocab.getty.edu/page/aat/300132410', 'Wikidata_URL': 'https://www.wikidata.org/wiki/Q10884'}]",
Vase and coaster,de Porceleyne Lampetkan,Tin-glazed earthenware,,1894,https://www.metmuseum.org/art/collection/search/187848,"[{'term': 'Houses', 'AAT_URL': 'http://vocab.getty.edu/page/aat/300005433', 'Wikidata_URL': 'https://www.wikidata.org/wiki/Q3947'}, {'term': 'Trees', 'AAT_URL': 'http://vocab.getty.edu/page/aat/300132410', 'Wikidata_URL': 'https://www.wikidata.org/wiki/Q10884'}]",
Potpourri vase,Fürstenberg Porcelain Manufactory,Hard-paste porcelain,,1995,https://www.metmuseum.org/art/collection/search/208486,"[{'term': 'Houses', 'AAT_URL': 'http://vocab.getty.edu/page/aat/300005433', 'Wikidata_URL': 'https://www.wikidata.org/wiki/Q3947'}, {'term': 'Trees', 'AAT_URL': 'http://vocab.getty.edu/page/aat/300132410', 'Wikidata_URL': 'https://www.wikidata.org/wiki/Q10884'}]",
Vase (one of a pair),Meissen Manufactory,Hard-paste porcelain,,1964,https://www.metmuseum.org/art/collection/search/203147,"[{'term': 'Men', 'AAT_URL': 'http://vocab.getty.edu/page/aat/300025928', 'Wikidata_URL': 'https://www.wikidata.org/wiki/Q8441'}, {'term': 'Women', 'AAT_URL': 'http://vocab.getty.edu/page/aat/300025943', 'Wikidata_URL': 'https://www.wikidata.org/wiki/Q467'}, {'term': 'Music', 'AAT_URL': 'http://vocab.getty.edu/page/aat/300435214', 'Wikidata_URL': 'https://www.wikidata.org/wiki/Q638'}, {'term': 'Trees', 'AAT_URL': 'http://vocab.getty.edu/page/aat/300132410', 'Wikidata_URL': 'https://www.wikidata.org/wiki/Q10884'}]",
Vase,Worcester factory,Soft-paste porcelain decorated in polychrome enamels,,1964,https://www.metmuseum.org/art/collection/search/204075,"[{'term': 'Birds', 'AAT_URL': 'http://vocab.getty.edu/page/aat/300266506', 'Wikidata_URL': 'https://www.wikidata.org/wiki/Q5113'}, {'term': 'Men', 'AAT_URL': 'http://vocab.getty.edu/page/aat/300025928', 'Wikidata_URL': 'https://www.wikidata.org/wiki/Q8441'}, {'term': 'Trees', 'AAT_URL': 'http://vocab.getty.edu/page/aat/300132410', 'Wikidata_URL': 'https://www.wikidata.org/wiki/Q10884'}, {'term': 'Boats', 'AAT_URL': 'http://vocab.getty.edu/page/aat/300178749', 'Wikidata_URL': 'https://www.wikidata.org/wiki/Q35872'}]",https://www.wikidata.org/wiki/Q116240704
Vase,,Porcelain painted in famille verte enamels,,1937,https://www.metmuseum.org/art/collection/search/48597,"[{'term': 'Children', 'AAT_URL': 'http://vocab.getty.edu/page/aat/300025945', 'Wikidata_URL': 'https://www.wikidata.org/wiki/Q7569'}, {'term': 'Women', 'AAT_URL': 'http://vocab.getty.edu/page/aat/300025943', 'Wikidata_URL': 'https://www.wikidata.org/wiki/Q467'}, {'term': 'Trees', 'AAT_URL': 'http://vocab.getty.edu/page/aat/300132410', 'Wikidata_URL': 'https://www.wikidata.org/wiki/Q10884'}]",
Pair of miniature vases,Meissen Manufactory,Hard-paste porcelain,,1964,https://www.metmuseum.org/art/collection/search/203138,"[{'term': 'Trees', 'AAT_URL': 'http://vocab.getty.edu/page/aat/300132410', 'Wikidata_URL': 'https://www.wikidata.org/wiki/Q10884'}, {'term': 'Human Figures', 'AAT_URL': 'http://vocab.getty.edu/page/aat/300404114', 'Wikidata_URL': 'https://www.wikidata.org/wiki/Q5937779'}]",
"Vase with ""One Hundred Deer"" Motif",,Porcelain painted in overglaze enamels (Jingdezhen ware),,1917,https://www.metmuseum.org/art/collection/search/46105,"[{'term': 'Deer', 'AAT_URL': 'http://vocab.getty.edu/page/aat/300250308', 'Wikidata_URL': 'https://www.wikidata.org/wiki/Q685795'}, {'term': 'Trees', 'AAT_URL': 'http://vocab.getty.edu/page/aat/300132410', 'Wikidata_URL': 'https://www.wikidata.org/wiki/Q10884'}]",
Vase in Form of Archaic Bronze,,Porcelain painted with colored enamels over transparent glaze (Jingdezhen ware),,1914,https://www.metmuseum.org/art/collection/search/42239,"[{'term': 'Flowers', 'AAT_URL': 'http://vocab.getty.edu/page/aat/300132399', 'Wikidata_URL': 'https://www.wikidata.org/wiki/Q506'}, {'term': 'Leaves', 'AAT_URL': 'http://vocab.getty.edu/page/aat/300011892', 'Wikidata_URL': 'https://www.wikidata.org/wiki/Q33971'}, {'term': 'Trees', 'AAT_URL': 'http://vocab.getty.edu/page/aat/300132410', 'Wikidata_URL': 'https://www.wikidata.org/wiki/Q10884'}]",https://www.wikidata.org/wiki/Q116395522
Vase (one of a pair),Meissen Manufactory,Hard-paste porcelain; gilt-bronze mounts,,1964,https://www.metmuseum.org/art/collection/search/203141,"[{'term': 'Birds', 'AAT_URL': 'http://vocab.getty.edu/page/aat/300266506', 'Wikidata_URL': 'https://www.wikidata.org/wiki/Q5113'}, {'term': 'Men', 'AAT_URL': 'http://vocab.getty.edu/page/aat/300025928', 'Wikidata_URL': 'https://www.wikidata.org/wiki/Q8441'}, {'term': 'Flowers', 'AAT_URL': 'http://vocab.getty.edu/page/aat/300132399', 'Wikidata_URL': 'https://www.wikidata.org/wiki/Q506'}, {'term': 'Trees', 'AAT_URL': 'http://vocab.getty.edu/page/aat/300132410', 'Wikidata_URL': 'https://www.wikidata.org/wiki/Q10884'}]",https://www.wikidata.org/wiki/Q116307562
Vase (part of a set),Meissen Manufactory,Hard-paste porcelain,,1964,https://www.metmuseum.org/art/collection/search/203152,"[{'term': 'Men', 'AAT_URL': 'http://vocab.getty.edu/page/aat/300025928', 'Wikidata_URL': 'https://www.wikidata.org/wiki/Q8441'}, {'term': 'Trees', 'AAT_URL': 'http://vocab.getty.edu/page/aat/300132410', 'Wikidata_URL': 'https://www.wikidata.org/wiki/Q10884'}]",
Vase (one of a pair),Meissen Manufactory,Hard-paste porcelain; gilt-bronze mounts,,1964,https://www.metmuseum.org/art/collection/search/203140,"[{'term': 'Horses', 'AAT_URL': 'http://vocab.getty.edu/page/aat/300250148', 'Wikidata_URL': 'https://www.wikidata.org/wiki/Q726'}, {'term': 'Birds', 'AAT_URL': 'http://vocab.getty.edu/page/aat/300266506', 'Wikidata_URL': 'https://www.wikidata.org/wiki/Q5113'}, {'term': 'Flowers', 'AAT_URL': 'http://vocab.getty.edu/page/aat/300132399', 'Wikidata_URL': 'https://www.wikidata.org/wiki/Q506'}, {'term': 'Trees', 'AAT_URL': 'http://vocab.getty.edu/page/aat/300132410', 'Wikidata_URL': 'https://www.wikidata.org/wiki/Q10884'}]",https://www.wikidata.org/wiki/Q116399952
Pair of vases,Meissen Manufactory,Hard-paste porcelain,,1964,https://www.metmuseum.org/art/collection/search/203136,"[{'term': 'Birds', 'AAT_URL': 'http://vocab.getty.edu/page/aat/300266506', 'Wikidata_URL': 'https://www.wikidata.org/wiki/Q5113'}, {'term': 'Flowers', 'AAT_URL': 'http://vocab.getty.edu/page/aat/300132399', 'Wikidata_URL': 'https://www.wikidata.org/wiki/Q506'}, {'term': 'Trees', 'AAT_URL': 'http://vocab.getty.edu/page/aat/300132410', 'Wikidata_URL': 'https://www.wikidata.org/wiki/Q10884'}, {'term': 'Human Figures', 'AAT_URL': 'http://vocab.getty.edu/page/aat/300404114', 'Wikidata_URL': 'https://www.wikidata.org/wiki/Q5937779'}]",
Vase with cover (part of a garniture of three vases),Bristol,Hard-paste porcelain,,1964,https://www.metmuseum.org/art/collection/search/203594,"[{'term': 'Trees', 'AAT_URL': 'http://vocab.getty.edu/page/aat/300132410', 'Wikidata_URL': 'https://www.wikidata.org/wiki/Q10884'}]",
Perfume vase (one of a pair),Chelsea Porcelain Manufactory,"Soft-paste porcelain, burnished gold ground",,1964,https://www.metmuseum.org/art/collection/search/203376,"[{'term': 'Female Nudes', 'AAT_URL': 'http://vocab.getty.edu/page/aat/300189568', 'Wikidata_URL': 'https://www.wikidata.org/wiki/Q40446'}, {'term': 'Trees', 'AAT_URL': 'http://vocab.getty.edu/page/aat/300132410', 'Wikidata_URL': 'https://www.wikidata.org/wiki/Q10884'}]",
Pair of vases (vases hollandais nouveaux),Sèvres Manufactory,Soft-paste porcelain,,1954,https://www.metmuseum.org/art/collection/search/201728,"[{'term': 'Birds', 'AAT_URL': 'http://vocab.getty.edu/page/aat/300266506', 'Wikidata_URL': 'https://www.wikidata.org/wiki/Q5113'}, {'term': 'Trees', 'AAT_URL': 'http://vocab.getty.edu/page/aat/300132410', 'Wikidata_URL': 'https://www.wikidata.org/wiki/Q10884'}]",
Vase with landscape,,"Porcelain painted in underglaze cobalt blue, copper red, and light green (Jingdezhen ware)",,1993,https://www.metmuseum.org/art/collection/search/50506,"[{'term': 'Landscapes', 'AAT_URL': 'http://vocab.getty.edu/page/aat/300132294', 'Wikidata_URL': 'https://www.wikidata.org/wiki/Q191163'}, {'term': 'Trees', 'AAT_URL': 'http://vocab.getty.edu/page/aat/300132410', 'Wikidata_URL': 'https://www.wikidata.org/wiki/Q10884'}]",
Vase,Newcomb Pottery,Painted and glazed earthenware,United States,1981,https://www.metmuseum.org/art/collection/search/9358,"[{'term': 'Trees', 'AAT_URL': 'http://vocab.getty.edu/page/aat/300132410', 'Wikidata_URL': 'https://www.wikidata.org/wiki/Q10884'}]",https://www.wikidata.org/wiki/Q98224441
Vase with Garden Scene,,“Soft paste” porcelain painted with cobalt blue under a transparent glaze (Jingdezhen ware),,1968,https://www.metmuseum.org/art/collection/search/50033,"[{'term': 'Buildings', 'AAT_URL': 'http://vocab.getty.edu/page/aat/300004789', 'Wikidata_URL': 'https://www.wikidata.org/wiki/Q41176'}, {'term': 'Trees', 'AAT_URL': 'http://vocab.getty.edu/page/aat/300132410', 'Wikidata_URL': 'https://www.wikidata.org/wiki/Q10884'}]",
Vase with landscape decoration,,"Porcelain painted in overglaze polychromatic enamels, with colored glazes and incised decoration (Jingdezhen ware)",,1917,https://www.metmuseum.org/art/collection/search/52976,"[{'term': 'Flowers', 'AAT_URL': 'http://vocab.getty.edu/page/aat/300132399', 'Wikidata_URL': 'https://www.wikidata.org/wiki/Q506'}, {'term': 'Landscapes', 'AAT_URL': 'http://vocab.getty.edu/page/aat/300132294', 'Wikidata_URL': 'https://www.wikidata.org/wiki/Q191163'}, {'term': 'Trees', 'AAT_URL': 'http://vocab.getty.edu/page/aat/300132410', 'Wikidata_URL': 'https://www.wikidata.org/wiki/Q10884'}]",https://www.wikidata.org/wiki/Q116313272
Vase with Figures in Landscape,,Porcelain with incised decoration painted in cobalt blue under transparent glaze (Jingdezhen ware),,1920,https://www.metmuseum.org/art/collection/search/49862,"[{'term': 'Men', 'AAT_URL': 'http://vocab.getty.edu/page/aat/300025928', 'Wikidata_URL': 'https://www.wikidata.org/wiki/Q8441'}, {'term': 'Women', 'AAT_URL': 'http://vocab.getty.edu/page/aat/300025943', 'Wikidata_URL': 'https://www.wikidata.org/wiki/Q467'}, {'term': 'Trees', 'AAT_URL': 'http://vocab.getty.edu/page/aat/300132410', 'Wikidata_URL': 'https://www.wikidata.org/wiki/Q10884'}]",https://www.wikidata.org/wiki/Q116396317
Terracotta neck-amphora (jar),,Terracotta,,1906,https://www.metmuseum.org/art/collection/search/247214,"[{'term': 'Men', 'AAT_URL': 'http://vocab.getty.edu/page/aat/300025928', 'Wikidata_URL': 'https://www.wikidata.org/wiki/Q8441'}, {'term': 'Trees', 'AAT_URL': 'http://vocab.getty.edu/page/aat/300132410', 'Wikidata_URL': 'https://www.wikidata.org/wiki/Q10884'}, {'term': 'Altars', 'AAT_URL': 'http://vocab.getty.edu/page/aat/300003725', 'Wikidata_URL': 'https://www.wikidata.org/wiki/Q101687'}, {'term': 'Lyres', 'AAT_URL': 'http://vocab.getty.edu/page/aat/300042114', 'Wikidata_URL': 'https://www.wikidata.org/wiki/Q201129'}]",https://www.wikidata.org/wiki/Q116295374
Vase with flowers,,Porcelain painted in polychrome enamels on black ground (Jingdezhen famille noire ware),,1964,https://www.metmuseum.org/art/collection/search/42272,"[{'term': 'Flowers', 'AAT_URL': 'http://vocab.getty.edu/page/aat/300132399', 'Wikidata_URL': 'https://www.wikidata.org/wiki/Q506'}, {'term': 'Trees', 'AAT_URL': 'http://vocab.getty.edu/page/aat/300132410', 'Wikidata_URL': 'https://www.wikidata.org/wiki/Q10884'}]",
Vase in Form of Archaic Bronze,,Porcelain painted with colored enamels over transparent glaze (Jingdezhen ware),,1914,https://www.metmuseum.org/art/collection/search/42240,"[{'term': 'Birds', 'AAT_URL': 'http://vocab.getty.edu/page/aat/300266506', 'Wikidata_URL': 'https://www.wikidata.org/wiki/Q5113'}, {'term': 'Flowers', 'AAT_URL': 'http://vocab.getty.edu/page/aat/300132399', 'Wikidata_URL': 'https://www.wikidata.org/wiki/Q506'}, {'term': 'Trees', 'AAT_URL': 'http://vocab.getty.edu/page/aat/300132410', 'Wikidata_URL': 'https://www.wikidata.org/wiki/Q10884'}]",https://www.wikidata.org/wiki/Q116395523
Vase with gentlemen in a landscape (one of a pair),,Porcelain painted in overglaze black and red enamels (Jingdezhen ware),,1968,https://www.metmuseum.org/art/collection/search/42325,"[{'term': 'Men', 'AAT_URL': 'http://vocab.getty.edu/page/aat/300025928', 'Wikidata_URL': 'https://www.wikidata.org/wiki/Q8441'}, {'term': 'Landscapes', 'AAT_URL': 'http://vocab.getty.edu/page/aat/300132294', 'Wikidata_URL': 'https://www.wikidata.org/wiki/Q191163'}, {'term': 'Trees', 'AAT_URL': 'http://vocab.getty.edu/page/aat/300132410', 'Wikidata_URL': 'https://www.wikidata.org/wiki/Q10884'}]",https://www.wikidata.org/wiki/Q83562285
Vase with King Wen Visiting the Scholar Jiang Taigong,,Porcelain painted with cobalt blue under and colored enamels over transparent glaze (Jingdezhen ware),,1879,https://www.metmuseum.org/art/collection/search/42389,"[{'term': 'Human Figures', 'AAT_URL': 'http://vocab.getty.edu/page/aat/300404114', 'Wikidata_URL': 'https://www.wikidata.org/wiki/Q5937779'}, {'term': 'Trees', 'AAT_URL': 'http://vocab.getty.edu/page/aat/300132410', 'Wikidata_URL': 'https://www.wikidata.org/wiki/Q10884'}]",
Vase with equestrian figure in landscape,,Porcelain painted in underglaze cobalt blue (Jingdezhen ware),,1917,https://www.metmuseum.org/art/collection/search/42337,"[{'term': 'Trees', 'AAT_URL': 'http://vocab.getty.edu/page/aat/300132410', 'Wikidata_URL': 'https://www.wikidata.org/wiki/Q10884'}, {'term': 'Horses', 'AAT_URL': 'http://vocab.getty.edu/page/aat/300250148', 'Wikidata_URL': 'https://www.wikidata.org/wiki/Q726'}]",
Vase with Women Enjoying Scholarly Pursuits,,"Porcelain painted with colored enamels over transparent glaze, and gilded (Jingdezhen ware)",,1961,https://www.metmuseum.org/art/collection/search/42409,"[{'term': 'Women', 'AAT_URL': 'http://vocab.getty.edu/page/aat/300025943', 'Wikidata_URL': 'https://www.wikidata.org/wiki/Q467'}, {'term': 'Trees', 'AAT_URL': 'http://vocab.getty.edu/page/aat/300132410', 'Wikidata_URL': 'https://www.wikidata.org/wiki/Q10884'}]",
Vase with Flowering Plum,,"Stoneware with reserved, carved, and painted decoration on brown glaze (Jizhou ware)",,1985,https://www.metmuseum.org/art/collection/search/42453,"[{'term': 'Flowers', 'AAT_URL': 'http://vocab.getty.edu/page/aat/300132399', 'Wikidata_URL': 'https://www.wikidata.org/wiki/Q506'}, {'term': 'Trees', 'AAT_URL': 'http://vocab.getty.edu/page/aat/300132410', 'Wikidata_URL': 'https://www.wikidata.org/wiki/Q10884'}]",https://www.wikidata.org/wiki/Q116395697
Vase,,"Jadeite, translucent aquamarine clouded and flecked with snow",,1902,https://www.metmuseum.org/art/collection/search/43860,"[{'term': 'Birds', 'AAT_URL': 'http://vocab.getty.edu/page/aat/300266506', 'Wikidata_URL': 'https://www.wikidata.org/wiki/Q5113'}, {'term': 'Trees', 'AAT_URL': 'http://vocab.getty.edu/page/aat/300132410', 'Wikidata_URL': 'https://www.wikidata.org/wiki/Q10884'}]",
Vase with cover,,"Jadeite, grayish green with emerald and olive green",,1902,https://www.metmuseum.org/art/collection/search/43832,"[{'term': 'Trees', 'AAT_URL': 'http://vocab.getty.edu/page/aat/300132410', 'Wikidata_URL': 'https://www.wikidata.org/wiki/Q10884'}]",
Lekythos,Athena Painter,Terracotta,,1941,https://www.metmuseum.org/art/collection/search/254318,"[{'term': 'Dogs', 'AAT_URL': 'http://vocab.getty.edu/page/aat/300265714', 'Wikidata_URL': 'https://www.wikidata.org/wiki/Q144'}, {'term': 'Hunting', 'AAT_URL': 'http://vocab.getty.edu/page/aat/300239666', 'Wikidata_URL': 'https://www.wikidata.org/wiki/Q36963'}, {'term': 'Men', 'AAT_URL': 'http://vocab.getty.edu/page/aat/300025928', 'Wikidata_URL': 'https://www.wikidata.org/wiki/Q8441'}, {'term': 'Trees', 'AAT_URL': 'http://vocab.getty.edu/page/aat/300132410', 'Wikidata_URL': 'https://www.wikidata.org/wiki/Q10884'}]",
Vase with scenes of storm on land,Dihl et Guérhard,"Hard-paste porcelain decorated in polychrome enamels, gold",,2014,https://www.metmuseum.org/art/collection/search/644111,"[{'term': 'Landscapes', 'AAT_URL': 'http://vocab.getty.edu/page/aat/300132294', 'Wikidata_URL': 'https://www.wikidata.org/wiki/Q191163'}, {'term': 'Trees', 'AAT_URL': 'http://vocab.getty.edu/page/aat/300132410', 'Wikidata_URL': 'https://www.wikidata.org/wiki/Q10884'}, {'term': 'Storms', 'AAT_URL': 'http://vocab.getty.edu/page/aat/300054734', 'Wikidata_URL': 'https://www.wikidata.org/wiki/Q81054'}]",https://www.wikidata.org/wiki/Q116298746
Vase with cover,Royal Porcelain Manufactory,Hard-paste porcelain,,1972,https://www.metmuseum.org/art/collection/search/205476,"[{'term': 'Soldiers', 'AAT_URL': 'http://vocab.getty.edu/page/aat/300185678', 'Wikidata_URL': 'https://www.wikidata.org/wiki/Q4991371'}, {'term': 'Women', 'AAT_URL': 'http://vocab.getty.edu/page/aat/300025943', 'Wikidata_URL': 'https://www.wikidata.org/wiki/Q467'}, {'term': 'Trees', 'AAT_URL': 'http://vocab.getty.edu/page/aat/300132410', 'Wikidata_URL': 'https://www.wikidata.org/wiki/Q10884'}]",
Della Robbia vase with cypress trees,Frederick Hurten Rhead,Earthenware,United States,2020,https://www.metmuseum.org/art/collection/search/726730,,https://www.wikidata.org/wiki/Q116444788
"Kylix, Droop cup",,Terracotta,,1972,https://www.metmuseum.org/art/collection/search/255451,"[{'term': 'Maenads', 'AAT_URL': None, 'Wikidata_URL': 'https://www.wikidata.org/wiki/Q209599'}, {'term': 'Satyrs', 'AAT_URL': 'http://vocab.getty.edu/page/aat/300379732', 'Wikidata_URL': 'https://www.wikidata.org/wiki/Q163709'}]",
Terracotta rim fragment of a kylix (drinking cup),,Terracotta,,2011,https://www.metmuseum.org/art/collection/search/683770,,
Terracotta fragment of a kylix (drinking cup),,Terracotta,,2011,https://www.metmuseum.org/art/collection/search/703641,,
Terracotta fragment of a kylix (drinking cup),,Terracotta,,2011,https://www.metmuseum.org/art/collection/search/704163,,
Terracotta fragment of a kylix (drinking cup),,Terracotta,,2011,https://www.metmuseum.org/art/collection/search/709911,,
Terracotta fragment of a kylix (drinking cup),,Terracotta,,2011,https://www.metmuseum.org/art/collection/search/709912,,
Terracotta fragment of a kylix (drinking cup),,Terracotta,,2011,https://www.metmuseum.org/art/collection/search/713479,,
Terracotta fragment of a kylix (drinking cup),,Terracotta,,2011,https://www.metmuseum.org/art/collection/search/669516,,
Terracotta rim fragment of a kylix (drinking cup),Brygos Painter,Terracotta,,2011,https://www.metmuseum.org/art/collection/search/714005,,
Terracotta fragment of a stamnos (jar),,Terracotta,,2011,https://www.metmuseum.org/art/collection/search/728767,,
Terracotta fragment of a kylix (drinking cup),,Terracotta,,2011,https://www.metmuseum.org/art/collection/search/721586,,
Terracotta fragment of a kylix (drinking cup),,Terracotta,,2011,https://www.metmuseum.org/art/collection/search/721280,,
Terracotta rim fragment of a kylix (drinking cup),,Terracotta,,2011,https://www.metmuseum.org/art/collection/search/683317,,
Vase,Arequipa Pottery,Earthenware,United States,2018,https://www.metmuseum.org/art/collection/search/19890,,https://www.wikidata.org/wiki/Q116393666
Amphora,,Terracotta,,1874,https://www.metmuseum.org/art/collection/search/240133,,
Juglet,,Terracotta,,1874,https://www.metmuseum.org/art/collection/search/240138,,
Amphora,,Terracotta,,1874,https://www.metmuseum.org/art/collection/search/240367,,
Amphora,,Terracotta,,1874,https://www.metmuseum.org/art/collection/search/240578,,
Vase with cover,,Tin-glazed and luster-painted earthenware,,1956,https://www.metmuseum.org/art/collection/search/201906,,https://www.wikidata.org/wiki/Q116399634
Vase with cover,,Tin-glazed and luster-painted earthenware,,1956,https://www.metmuseum.org/art/collection/search/201907,,https://www.wikidata.org/wiki/Q116399644
Vase,Frederick Hurten Rhead,Earthenware,United States,2020,https://www.metmuseum.org/art/collection/search/716884,,https://www.wikidata.org/wiki/Q116726601
Terracotta Hadra hydria (water jar),,Terracotta,,1890,https://www.metmuseum.org/art/collection/search/245555,"[{'term': 'Birds', 'AAT_URL': 'http://vocab.getty.edu/page/aat/300266506', 'Wikidata_URL': 'https://www.wikidata.org/wiki/Q5113'}, {'term': 'Men', 'AAT_URL': 'http://vocab.getty.edu/page/aat/300025928', 'Wikidata_URL': 'https://www.wikidata.org/wiki/Q8441'}]",
Della Robbia vase with trees,Frederick Hurten Rhead,Earthenware,United States,2020,https://www.metmuseum.org/art/collection/search/716864,,https://www.wikidata.org/wiki/Q116444664
Plum-Tree Vase,,Jadeite,,1902,https://www.metmuseum.org/art/collection/search/43760,"[{'term': 'Flowers', 'AAT_URL': 'http://vocab.getty.edu/page/aat/300132399', 'Wikidata_URL': 'https://www.wikidata.org/wiki/Q506'}]",
Terracotta fragment of a krater (deep bowl),,Terracotta,,2011,https://www.metmuseum.org/art/collection/search/768133,,
Terracotta fragment of a chous (jug)?,,Terracotta,,2011,https://www.metmuseum.org/art/collection/search/740212,,
Terracotta rim fragment of a kylix (drinking cup),,Terracotta,,2011,https://www.metmuseum.org/art/collection/search/686755,,
Terracotta fragment of a kylix (drinking cup),,Terracotta,,2011,https://www.metmuseum.org/art/collection/search/671250,,
Terracotta fragment of a stemless kylix (drinking cup),,Terracotta,,2011,https://www.metmuseum.org/art/collection/search/721715,,
Terracotta fragment of a kylix (drinking cup),,Terracotta,,2011,https://www.metmuseum.org/art/collection/search/713400,,
Vase (vase chinois) (one of a pair),Sèvres Manufactory,"Hard-paste porcelain decorated in black enamel, platinum, two tones of gold; gilt metal; interior metal rod",,1971,https://www.metmuseum.org/art/collection/search/205427,"[{'term': 'Chinoiserie', 'AAT_URL': 'http://vocab.getty.edu/page/aat/300021167', 'Wikidata_URL': 'https://www.wikidata.org/wiki/Q863679'}, {'term': 'Birds', 'AAT_URL': 'http://vocab.getty.edu/page/aat/300266506', 'Wikidata_URL': 'https://www.wikidata.org/wiki/Q5113'}, {'term': 'Animals', 'AAT_URL': 'http://vocab.getty.edu/page/aat/300249525', 'Wikidata_URL': 'https://www.wikidata.org/wiki/Q729'}, {'term': 'Men', 'AAT_URL': 'http://vocab.getty.edu/page/aat/300025928', 'Wikidata_URL': 'https://www.wikidata.org/wiki/Q8441'}]",https://www.wikidata.org/wiki/Q116242509
Amphoriskos,,Terracotta,,1874,https://www.metmuseum.org/art/collection/search/240307,,
Vase,George E. Ohr,Earthenware,United States,2018,https://www.metmuseum.org/art/collection/search/20148,,https://www.wikidata.org/wiki/Q116393862
Vase,University City Pottery,Earthenware,United States,2017,https://www.metmuseum.org/art/collection/search/19889,,https://www.wikidata.org/wiki/Q98224654
Terracotta fragment of a stamnos (jar),,Terracotta,,2011,https://www.metmuseum.org/art/collection/search/728754,,
Terracotta fragment of a column-krater (bowl for mixing wine and water),,Terracotta,,2011,https://www.metmuseum.org/art/collection/search/728967,,
Terracotta fragment of a calyx-krater (bowl for mixing wine and water),,Terracotta,,2011,https://www.metmuseum.org/art/collection/search/733144,,
Terracotta rim fragment of a kylix (drinking cup),,Terracotta,,2011,https://www.metmuseum.org/art/collection/search/683795,,
Terracotta fragment of a kylix (drinking cup),,Terracotta,,2011,https://www.metmuseum.org/art/collection/search/703661,,
Terracotta fragment of a kylix (drinking cup),,Terracotta,,2011,https://www.metmuseum.org/art/collection/search/713460,,
Terracotta fragment of a kylix (drinking cup),,Terracotta,,2011,https://www.metmuseum.org/art/collection/search/721253,,
Plum-tree vase,,Agate,,2015,https://www.metmuseum.org/art/collection/search/666782,,
Vase,Adelaide Alsop Robineau,Porcelain,United States,2017,https://www.metmuseum.org/art/collection/search/19939,,https://www.wikidata.org/wiki/Q98225024
Krater,,Terracotta,,1874,https://www.metmuseum.org/art/collection/search/240089,"[{'term': 'Birds', 'AAT_URL': 'http://vocab.getty.edu/page/aat/300266506', 'Wikidata_URL': 'https://www.wikidata.org/wiki/Q5113'}]",
Terracotta rim fragments of a kylix (drinking cup),,Terracotta,,2011,https://www.metmuseum.org/art/collection/search/686754,,
Terracotta fragment of a lekythos (oil flask),,Terracotta,,2011,https://www.metmuseum.org/art/collection/search/762874,,
Terracotta fragment of a rhyton (vase for libations or drinking),,Terracotta,,2011,https://www.metmuseum.org/art/collection/search/759755,,
Terracotta fragment of a kylix (drinking cup),,Terracotta,,2011,https://www.metmuseum.org/art/collection/search/713573,,
Terracotta fragments of a stamnos (jar),,Terracotta,,2011,https://www.metmuseum.org/art/collection/search/728759,,
Terracotta fragment of a kylix (drinking cup),,Terracotta,,2011,https://www.metmuseum.org/art/collection/search/721503,,
Terracotta fragment of a kylix (drinking cup),,Terracotta,,2011,https://www.metmuseum.org/art/collection/search/721560,,
Lekythos,Class of Athens 581,Terracotta,,1941,https://www.metmuseum.org/art/collection/search/254363,"[{'term': 'Horses', 'AAT_URL': 'http://vocab.getty.edu/page/aat/300250148', 'Wikidata_URL': 'https://www.wikidata.org/wiki/Q726'}, {'term': 'Warriors', 'AAT_URL': 'http://vocab.getty.edu/page/aat/300261945', 'Wikidata_URL': 'https://www.wikidata.org/wiki/Q1250916'}]",
Terracotta fragment of a kylix (drinking cup),Brygos Painter,Terracotta,,2011,https://www.metmuseum.org/art/collection/search/710002,,
Terracotta fragment of a kylix (drinking cup),,Terracotta,,2011,https://www.metmuseum.org/art/collection/search/721343,,
Terracotta fragment of a bell-krater (bowl for mixing wine and water),,Terracotta,,2011,https://www.metmuseum.org/art/collection/search/733340,,
Terracotta rim fragment of a kylix (drinking cup),,Terracotta,,2011,https://www.metmuseum.org/art/collection/search/703611,,
Terracotta fragments of a kylix (drinking cup),,Terracotta,,2011,https://www.metmuseum.org/art/collection/search/718950,,
Vase decorated with auspicious animals,,Soft paste porcelain painted in underglaze cobalt blue (Jingdezhen ware),,1914,https://www.metmuseum.org/art/collection/search/48648,"[{'term': 'Cranes', 'AAT_URL': 'http://vocab.getty.edu/page/aat/300254555', 'Wikidata_URL': 'https://www.wikidata.org/wiki/Q25365'}, {'term': 'Flowers', 'AAT_URL': 'http://vocab.getty.edu/page/aat/300132399', 'Wikidata_URL': 'https://www.wikidata.org/wiki/Q506'}]",https://www.wikidata.org/wiki/Q116240869
Terracotta fragment of a kylix (drinking cup),,Terracotta,,2011,https://www.metmuseum.org/art/collection/search/718892,,
Terracotta fragments of a lekythos (oil flask),,Terracotta,,2011,https://www.metmuseum.org/art/collection/search/762871,,
Terracotta fragments of a kylix (drinking cup),,Terracotta,,2011,https://www.metmuseum.org/art/collection/search/709672,,
Small vase,Chinese,Porcelain painted in underglaze blue.,,1975,https://www.metmuseum.org/art/collection/search/460675,"[{'term': 'Boys', 'AAT_URL': 'http://vocab.getty.edu/page/aat/300247598', 'Wikidata_URL': 'https://www.wikidata.org/wiki/Q3010'}, {'term': 'Flowers', 'AAT_URL': 'http://vocab.getty.edu/page/aat/300132399', 'Wikidata_URL': 'https://www.wikidata.org/wiki/Q506'}]",https://www.wikidata.org/wiki/Q20188218
Vase,Niels Refsgaard,Stoneware,,1961,https://www.metmuseum.org/art/collection/search/489187,,
Amphora,,Terracotta,,1874,https://www.metmuseum.org/art/collection/search/240598,,
Amphora,,Terracotta,,1874,https://www.metmuseum.org/art/collection/search/240597,,
Terracotta fragments of a kylix (drinking cup),,Terracotta,,2011,https://www.metmuseum.org/art/collection/search/667649,,
Terracotta fragments of a kylix (drinking cup),,Terracotta,,2011,https://www.metmuseum.org/art/collection/search/718735,,
Terracotta fragment of a kylix (drinking cup),Koropi Painter,Terracotta,,2011,https://www.metmuseum.org/art/collection/search/667658,,
Vase,Olive Forbes Sherman,,United States,2020,https://www.metmuseum.org/art/collection/search/718082,,
Terracotta fragment of a kylix (drinking cup),Apollodoros,Terracotta,,2011,https://www.metmuseum.org/art/collection/search/703812,,
Terracotta rim fragment of a kylix (drinking cup),Onesimos,Terracotta,,2011,https://www.metmuseum.org/art/collection/search/710015,,
Pair of Vases,Belvedere Manufactory,Faience (tin-glazed earthenware) with underglaze blue and enamel decoration and gilding,,2019,https://www.metmuseum.org/art/collection/search/838931,,
Vase (cuvette à fleurs Courteille),Sèvres Manufactory,"Soft-paste porcelain decorated in polychrome enamels, gold",,1954,https://www.metmuseum.org/art/collection/search/201732,"[{'term': 'Chinoiserie', 'AAT_URL': 'http://vocab.getty.edu/page/aat/300021167', 'Wikidata_URL': 'https://www.wikidata.org/wiki/Q863679'}, {'term': 'Children', 'AAT_URL': 'http://vocab.getty.edu/page/aat/300025945', 'Wikidata_URL': 'https://www.wikidata.org/wiki/Q7569'}, {'term': 'Women', 'AAT_URL': 'http://vocab.getty.edu/page/aat/300025943', 'Wikidata_URL': 'https://www.wikidata.org/wiki/Q467'}]",